{
  "parent": "item/generated",
  "textures": {
    "layer0": "item/dried_kelp"
  },

  "overrides": [

    {
      "predicate": {
        "eating": 1,
        "eat": 0.20
      },
      "model": "item/dried_kelp_eating_0"
    },
    {
      "predicate": {
        "eating": 1,
        "eat": 0.30
      },
      "model": "item/dried_kelp_eating_1"
    },

    {
      "predicate": {

        "eating": 1,
        "eat": 0.35
      },
      "model": "item/dried_kelp_eating_2"
    }
  ]
}