{
  "parent": "item/generated",
  "textures": {
    "layer0": "item/milk_bucket"
  },

  "overrides": [

    {
      "predicate": {
        "eating": 1,
        "eat": 0.35
      },
      "model": "item/milk_bucket_drinking_0"
    },
    {
      "predicate": {
        "eating": 1,
        "eat": 0.70
      },
      "model": "item/milk_bucket_drinking_1"
    },

    {
      "predicate": {

        "eating": 1,
        "eat": 0.90
      },
      "model": "item/milk_bucket_drinking_2"
    }
  ]
}