{
  "parent": "item/generated",
  "textures": {
    "particle": "minecraft:item/transparent",
    "layer0": "item/rabbit_stew"
  },

  "overrides": [

    {
      "predicate": {
        "eating": 1,
        "eat": 0.35
      },
      "model": "item/rabbit_stew_eating_0"
    },
    {
      "predicate": {
        "eating": 1,
        "eat": 0.70
      },
      "model": "item/rabbit_stew_eating_1"
    },

    {
      "predicate": {

        "eating": 1,
        "eat": 0.90
      },
      "model": "item/rabbit_stew_eating_2"
    }
  ]
}